{
  "123": {
    "endLat": 41.26666667,
    "endLng": -70.36666667,
    "startLat": 42.85,
    "startLng": 74.58333333
  }
}
